{"0":-0.07562684267759323,"1":0.04754344001412392,"2":0.03647792339324951,"3":0.09108457714319229,"4":-0.07077883183956146,"5":-0.08546268194913864,"6":0.06522562354803085,"7":0.014397461898624897,"8":-0.06560298055410385,"9":-0.0426056943833828,"10":0.008854984305799007,"11":-0.0073509723879396915,"12":-0.0005375818582251668,"13":-0.053241752088069916,"14":0.031315263360738754,"15":-0.007941297255456448,"16":0.027483735233545303,"17":-0.02588440291583538,"18":-0.10750917345285416,"19":0.010838688351213932,"20":-0.06151662394404411,"21":0.02291523665189743,"22":-0.04051242023706436,"23":0.02376447804272175,"24":-0.054408345371484756,"25":-0.041623640805482864,"26":0.02583029866218567,"27":0.06126921996474266,"28":0.027940986678004265,"29":-0.0763140544295311,"30":0.04529198631644249,"31":0.01383097842335701,"32":0.07094497233629227,"33":0.00787488091737032,"34":0.014472687616944313,"35":0.0811159685254097,"36":-0.08591867983341217,"37":-0.0678931176662445,"38":0.03305037319660187,"39":-0.02303987741470337,"40":-0.00838540680706501,"41":-0.06653043627738953,"42":-0.0036333247553557158,"43":-0.023124486207962036,"44":0.030348649248480797,"45":-0.038040246814489365,"46":0.011102412827312946,"47":0.06212660297751427,"48":0.07037534564733505,"49":-0.012659548781812191,"50":-0.05332465097308159,"51":-0.0902664065361023,"52":-0.029157690703868866,"53":0.030049780383706093,"54":0.1334298700094223,"55":0.028615348041057587,"56":-0.040246084332466125,"57":-0.020829081535339355,"58":0.046929359436035156,"59":-0.0501345619559288,"60":-0.024994930252432823,"61":0.04567795991897583,"62":-0.08113975822925568,"63":-0.024328021332621574,"64":0.028220823034644127,"65":-0.036717578768730164,"66":-0.08856668323278427,"67":-0.0683276355266571,"68":-0.03688596189022064,"69":-0.07538926601409912,"70":-0.034304097294807434,"71":0.018230553716421127,"72":-0.044033315032720566,"73":-0.00008181578596122563,"74":-0.037716250866651535,"75":0.01594952680170536,"76":0.03620254993438721,"77":-0.00705565745010972,"78":0.007271363399922848,"79":0.0031770546920597553,"80":0.04176522418856621,"81":-0.0653943195939064,"82":-0.049024056643247604,"83":0.007359482813626528,"84":0.0181689765304327,"85":0.0013096779584884644,"86":0.024402962997555733,"87":0.07333631813526154,"88":-0.014911040663719177,"89":0.028259415179491043,"90":-0.06468110531568527,"91":0.04764905944466591,"92":0.03599557280540466,"93":-0.013128083199262619,"94":-0.09999658167362213,"95":-0.027543077245354652,"96":0.08980700373649597,"97":-0.004261769820004702,"98":-0.12117842584848404,"99":0.3081349730491638,"100":0.05827203020453453,"101":0.08028831332921982,"102":0.01127588376402855,"103":0.02664736472070217,"104":-0.0012659677304327488,"105":0.0067854877561330795,"106":-0.07761356979608536,"107":0.025967497378587723,"108":-0.024402424693107605,"109":0.006132814567536116,"110":-0.0056318012066185474,"111":-0.038837917149066925,"112":-0.019157111644744873,"113":0.009251955896615982,"114":0.09100154787302017,"115":0.022263938561081886,"116":0.0024403168354183435,"117":0.055937159806489944,"118":0.018148142844438553,"119":-0.016189632937312126,"120":0.0038877585902810097,"121":-0.009806839749217033,"122":-0.0011725355871021748,"123":-0.007133913226425648,"124":-0.0019529133569449186,"125":0.027144428342580795,"126":0.027897009626030922,"127":-5.801885630643641e-33,"128":0.05961279943585396,"129":-0.029919642955064774,"130":0.027299245819449425,"131":0.1666470468044281,"132":-0.0342387855052948,"133":0.001998125109821558,"134":-0.057564329355955124,"135":-0.05338958650827408,"136":0.02752349153161049,"137":0.051367491483688354,"138":0.028376873582601547,"139":0.05412435904145241,"140":-0.03255295008420944,"141":0.04545684903860092,"142":0.017254523932933807,"143":0.08112003654241562,"144":-0.032185230404138565,"145":0.04436327517032623,"146":-0.024429304525256157,"147":0.0423918254673481,"148":-0.05888979509472847,"149":0.0021197665482759476,"150":0.009254326112568378,"151":0.09289415925741196,"152":0.053032997995615005,"153":-0.038886088877916336,"154":0.017491726204752922,"155":-0.11402171850204468,"156":0.05253554508090019,"157":0.024639258161187172,"158":-0.019266637042164803,"159":-0.05269240215420723,"160":0.010217975825071335,"161":0.034891001880168915,"162":0.02185714989900589,"163":0.01564526930451393,"164":-0.009534364566206932,"165":-0.06130434572696686,"166":-0.045343171805143356,"167":-0.0019074662122875452,"168":-0.043281495571136475,"169":0.02942938543856144,"170":0.02083478681743145,"171":-0.02345396764576435,"172":0.029959434643387794,"173":0.0000638491619611159,"174":0.004223091062158346,"175":0.018510684370994568,"176":0.0013990356819704175,"177":0.03510381653904915,"178":-0.05975853651762009,"179":0.020267069339752197,"180":-0.14895226061344147,"181":0.036921270191669464,"182":-0.01201360672712326,"183":-0.013420569710433483,"184":-0.02573249861598015,"185":-0.047936733812093735,"186":0.04889626428484917,"187":0.025853022933006287,"188":0.03918237239122391,"189":0.12265199422836304,"190":-0.039883386343717575,"191":-0.002112642163410783,"192":-0.07964073121547699,"193":-0.04775397852063179,"194":0.025750502943992615,"195":0.0017676561838015914,"196":0.07103496789932251,"197":-0.03207472339272499,"198":-0.04087372496724129,"199":-0.005235362332314253,"200":0.01486835815012455,"201":0.036575689911842346,"202":0.004924351815134287,"203":0.03766169026494026,"204":0.02410281077027321,"205":0.005829920526593924,"206":0.026060698553919792,"207":-0.04527584835886955,"208":0.00227265409193933,"209":0.0480792410671711,"210":-0.034098125994205475,"211":0.013611536473035812,"212":0.0370943620800972,"213":0.06333641707897186,"214":-0.03287261724472046,"215":-0.08041124790906906,"216":-0.01852438785135746,"217":-0.04737696796655655,"218":-0.07766558229923248,"219":0.026718784123659134,"220":0.06767785549163818,"221":0.0076978011056780815,"222":-0.011090037412941456,"223":4.582732684947845e-33,"224":0.11720501631498337,"225":0.07633478939533234,"226":-0.10046779364347458,"227":-0.025534117594361305,"228":-0.05169070139527321,"229":-0.014771721325814724,"230":-0.010955172590911388,"231":0.11814896762371063,"232":-0.13063247501850128,"233":0.02310330606997013,"234":0.026772016659379005,"235":-0.0002912239287979901,"236":0.05787110701203346,"237":0.037594690918922424,"238":0.056596022099256516,"239":0.015871137380599976,"240":0.13295777142047882,"241":0.05235842615365982,"242":-0.04077032208442688,"243":-0.0388343445956707,"244":-0.06557083874940872,"245":0.006451612804085016,"246":-0.04773861542344093,"247":-0.015467213466763496,"248":-0.010942953638732433,"249":-0.013376597315073013,"250":0.005759866442531347,"251":0.057891689240932465,"252":-0.09675905853509903,"253":-0.02708297409117222,"254":0.0924154594540596,"255":0.02092309668660164,"256":0.0033041469287127256,"257":0.04000934213399887,"258":0.017952963709831238,"259":0.08829564601182938,"260":0.028115715831518173,"261":-0.06522388756275177,"262":0.027978308498859406,"263":-0.0738629400730133,"264":-0.03044375777244568,"265":0.05044819414615631,"266":0.010673845186829567,"267":0.11468754708766937,"268":-0.02752695232629776,"269":-0.058400023728609085,"270":-0.018693342804908752,"271":0.027316678315401077,"272":-0.026629161089658737,"273":0.024812236428260803,"274":-0.0870678499341011,"275":-0.05072319507598877,"276":0.03220834955573082,"277":0.020485255867242813,"278":-0.011959783732891083,"279":0.02254253812134266,"280":-0.021708853542804718,"281":0.035583436489105225,"282":-0.003611569060012698,"283":-0.027536526322364807,"284":0.010572086088359356,"285":0.07337264716625214,"286":0.03606206923723221,"287":0.07907583564519882,"288":-0.02398180030286312,"289":0.0309353768825531,"290":-0.024293169379234314,"291":0.002029866212978959,"292":0.019218331202864647,"293":-0.04140804335474968,"294":0.03425438329577446,"295":-0.005216860678046942,"296":-0.0010868291137740016,"297":0.04760202020406723,"298":-0.01128834392875433,"299":0.012367809191346169,